templated_question,normalized_template,last_11_words,matched_train_template
Can the use of EC1 in EC2 lead to EC3 of EC4 in EC5?,Can the use of EC in EC lead to EC of EC in EC?,of EC in EC lead to EC of EC in EC?,Can the use of EC in EC lead to EC of EC in EC?
How does EC1 compare to EC2 in terms of EC3 and EC4?,How does EC compare to EC in terms of EC and EC?,does EC compare to EC in terms of EC and EC?,"What are the effects of using sequence-to-EC models for EC in EC, and how does EC compare to EC in terms of EC and EC?"
Can EC1 of EC2 improve the performance of EC3 in PC1 EC4?,Can EC of EC improve the performance of EC in PC EC?,EC of EC improve the performance of EC in PC EC?,How does EC of EC improve the performance of EC in PC EC?
Does the use of EC1 improve the performance of EC2 in EC3?,Does the use of EC improve the performance of EC in EC?,the use of EC improve the performance of EC in EC?,Can the use of EC improve the performance of EC in EC?
Can gradient EC1 be PC1 EC2 for EC3 in EC4 compared to EC5-of-EC6?,Can gradient EC be PC EC for EC in EC compared to EC-of-EC?,EC be PC EC for EC in EC compared to EC-of-EC?,Can PC EC be PC EC for EC in EC compared to EC-of-EC?
"Can PC1 as EC2 be PC2 EC3 in EC4, and how does EC5 compare to EC6?","Can PC as EC be PC EC in EC, and how does EC compare to EC?","PC EC in EC, and how does EC compare to EC?","Can EC improve EC of EC PC EC in EC, and how does EC compare to EC?"
How can EC1 of EC2 like EC3 and EC4 improve EC5 of EC6 in EC7 of EC8?,How can EC of EC like EC and EC improve EC of EC in EC of EC?,EC and EC improve EC of EC in EC of EC?,Can fine-tuning EC with EC and EC improve EC of EC in EC of EC?
Can EC1 of EC2 with EC3 improve the performance of EC4 in PC1 EC5 to EC6?,Can EC of EC with EC improve the performance of EC in PC EC to EC?,EC improve the performance of EC in PC EC to EC?,"Does the use of EC, EC, and EC improve the performance of EC in PC EC to EC?"
"Do PC1 EC1 replicate EC2 by PC2 EC3, and how do EC4 compare to EC5 in EC6?","Do PC EC replicate EC by PC EC, and how do EC compare to EC in EC?","PC EC, and how do EC compare to EC in EC?","Can EC be PC the performance of EC in unsupervised, semi-supervised, and PC EC, and how do EC compare to EC in EC?"
Can EC1 of EC2 as EC3 improve the performance of EC4 in terms of EC5 and EC6?,Can EC of EC as EC improve the performance of EC in terms of EC and EC?,improve the performance of EC in terms of EC and EC?,Does EC of EC to EC improve the performance of EC in terms of EC and EC?
"What is EC1 of EC2 in PC1 and PC2 EC3, considering EC4 of EC5 on EC6 and EC7?","What is EC of EC in PC and PC EC, considering EC of EC on EC and EC?","and PC EC, considering EC of EC on EC and EC?","Can EC be accuPC3eled in PC and PC EC, considering EC of EC on EC and EC?"
"Does EC1 of EC2 with EC3 enhance EC4 of EC5 in EC6, as PC1 EC7 of EC8 in EC9?","Does EC of EC with EC enhance EC of EC in EC, as PC EC of EC in EC?","of EC in EC, as PC EC of EC in EC?","Can EC of EC improve EC of EC in EC, as PC EC of EC in EC?"
Can the use of EC1 with EC2 improve the accuracy of EC3 in EC4 compared to EC5?,Can the use of EC with EC improve the accuracy of EC in EC compared to EC?,EC improve the accuracy of EC in EC compared to EC?,How can PC EC improve the accuracy of EC in EC compared to EC?
"How can EC1 improve the accuracy of EC2, and what EC3 can be PC1 its EC4 in EC5?","How can EC improve the accuracy of EC, and what EC can be PC its EC in EC?","EC, and what EC can be PC its EC in EC?","Can the perfPC3evaluated based on its PC4d respond to EC in EC, and what EC can be PC its EC in EC?"
"Can EC1 be PC1 EC2 of EC3 in EC4, and how do EC5 compare to EC6 in terms of EC7?","Can EC be PC EC of EC in EC, and how do EC compare to EC in terms of EC?",and how do EC compare to EC in terms of EC?,"Does EC PC EC with EC, and how do EC compare to EC in terms of EC?"
"Can the use of EC1 improve EC2 of EC3, and how do EC4 compare to EC5 in terms of EC6?","Can the use of EC improve EC of EC, and how do EC compare to EC in terms of EC?",and how do EC compare to EC in terms of EC?,"Does EC PC EC with EC, and how do EC compare to EC in terms of EC?"
"Can EC1 be effectively PC1 EC2 in EC3, and what is EC4 of EC5 on the performance of EC6?","Can EC be effectively PC EC in EC, and what is EC of EC on the performance of EC?",and what is EC of EC on the performance of EC?,"Can PC EC with EC effectively PC EC PC EC sound like EC, and what is EC of EC on the performance of EC?"
"How does the performance of EC1 PC1 when PC2 EC2 for EC3, and what is EC4 of EC5 on EC6?","How does the performance of EC PC when PC EC for EC, and what is EC of EC on EC?","EC for EC, and what is EC of EC on EC?","Can EC be PC EC of EC for EC, and what is EC of EC on EC?"
"Can EC1 achieve EC2 in PC1 EC3 by PC2 EC4, and how do EC5 compare to EC6 in terms of EC7?","Can EC achieve EC in PC EC by PC EC, and how do EC compare to EC in terms of EC?",and how do EC compare to EC in terms of EC?,"Does EC PC EC with EC, and how do EC compare to EC in terms of EC?"
"How can EC1 and EC2 PC1 EC3 be fine-tuned for EC4 in EC5, and what are EC6 for EC7 of EC8?","How can EC and EC PC EC be fine-tuned for EC in EC, and what are EC for EC of EC?","EC in EC, and what are EC for EC of EC?","Can EC be PC EC more effectively than EC in EC, and what are EC for EC of EC?"
"Can EC1 improve EC2 by explicitly PC1 EC3 of EC4 in EC5, and how do EC6 impact EC7 of EC8?","Can EC improve EC by explicitly PC EC of EC in EC, and how do EC impact EC of EC?","EC in EC, and how do EC impact EC of EC?","Does using EC, such as EC and EC, PC EC comparable to EC in EC, and how do EC impact EC of EC?"
"Can the use of EC1 for EC2 improve EC3 and EC4 of EC5, and what EC6 can be PC1 EC7 of EC8?","Can the use of EC for EC improve EC and EC of EC, and what EC can be PC EC of EC?","of EC, and what EC can be PC EC of EC?","Can contextualized EC be PC EC by PC EC of EC, and what EC can be PC EC of EC?"
What is the effect of EC1 on the performance of EC2 for PC1 EC3 in the context of EC4 for EC5?,What is the effect of EC on the performance of EC for PC EC in the context of EC for EC?,EC for PC EC in the context of EC for EC?,Is EC superior to EC for PC EC in the context of EC for EC?
"Does the use of EC1 and EC2 in EC3 improve EC4 of EC5, as PC1 EC6 in EC7 of EC8 compared to EC9?","Does the use of EC and EC in EC improve EC of EC, as PC EC in EC of EC compared to EC?","EC, as PC EC in EC of EC compared to EC?","Can the use of EC improve EC of EC from EC to EC, as PC EC in EC of EC compared to EC?"
"Does the use of a context-aware model in EC1 PC1 EC2 of EC3, and what is EC4 of EC5 on EC6 of EC7?","Does the use of a context-aware model in EC PC EC of EC, and what is EC of EC on EC of EC?","EC, and what is EC of EC on EC of EC?","Can PC effectively PC EC in EC, as PC EC of EC, and what is EC of EC on EC of EC?"
"Can EC1 EC2 be used PC1 effectively PC1 EC3 in EC4, and how does it compare to EC5 in terms of EC6?","Can EC EC be used PC effectively PC EC in EC, and how does it compare to EC in terms of EC?",and how does it compare to EC in terms of EC?,Can EC be PC EC in EC and how does it compare to EC in terms of EC?
"Can thPC3EC1 extracted from EC2 be PC1 EC3 such as EC4, and what EC5 would be most suitable for PC2 EC6?","Can thPC3EC1 extracted from EC be PC EC such as EC, and what EC would be most suitable for PC EC?","EC, and what EC would be most suitable for PC EC?","Can the use of EC in PC2through EC of EC or EC, and what EC would be most suitable for PC EC?"
"What is the effectiveness of EC1 in PC1 EC2 between EC3, and how does it compare to EC4 in terms of EC5?","What is the effectiveness of EC in PC EC between EC, and how does it compare to EC in terms of EC?",and how does it compare to EC in terms of EC?,Can EC be PC EC in EC and how does it compare to EC in terms of EC?
"Can PC2d on EC2 achieve state-of-EC3 results on EC4 PC1 EC5, and how does it compare to EC6 such as EC7 and EC8?","Can PC2d on EC achieve state-of-EC results on EC PC EC, and how does it compare to EC such as EC and EC?",how does it compare to EC such as EC and EC?,"Can PC EC achieve EC for EC in EC, and how does it compare to EC such as EC and EC?"
"Is it feasible PC1 EC1 thaPC3n from EC2 and improve its EC3 over EC4, and what EC5 would be most effective in PC2 EC6?","Is it feasible PC EC thaPC3n from EC and improve its EC over EC, and what EC would be most effective in PC EC?","EC, and what EC would be most effective in PC EC?","Can PC EC be PC PC accurately PC EC behind EC during EC, and what EC would be most effective in PC EC?"
"Can EC1 be effectively PC1 the accuracy of EC2 in EC3, specifically in PC2 EC4 and EC5, and what are EC6 for EC7 in EC8?","Can EC be effectively PC the accuracy of EC in EC, specifically in PC EC and EC, and what are EC for EC in EC?","EC and EC, and what are EC for EC in EC?","Can EC for EC be PC PC effectively PC EC of EC and EC, and what are EC for EC in EC?"
"What is EC1 oPC2hrough EC3 in improving EC4 and PC1 EC5 into EC6, and how do EC7 compare to EC8 in terms of EC9 and EC10?","What is EC oPC2hrough EC in improving EC and PC EC into EC, and how do EC compare to EC in terms of EC and EC?",do EC compare to EC in terms of EC and EC?,"What are EC for EC of EC, and how do EC compare to EC in terms of EC and EC?"
