pattern,frequency
what is the effectiveness of,390
what is the impact of,369
how does the performance of,159
how does the use of,138
what is the performance of,94
how can the performance of,92
what factors contribute to the,80
how can we improve the,67
what is the effect of,53
how effective is the proposed,47
what is the feasibility and,45
what evaluation metrics can be,42
in what ways does the,33
how does the incorporation of,31
how does the inclusion of,23
how does the application of,20
what is the performance improvement,19
what are the most effective,18
how effective is the use,18
to what extent does the,16
how does the combination of,16
how can we develop a,14
what is the optimal combination,12
what is the relationship between,12
what is the feasibility of,12
what is the performance difference,12
how does the integration of,12
in what ways can the,11
how does the implementation of,11
what is the impact on,11
what is the optimal approach,11
how can we measure the,9
what strategies can be employed,9
how can the accuracy of,9
what is the accuracy of,9
how does the quality of,8
how can we optimize the,8
how can we evaluate the,8
what are the potential improvements,8
in the context of the,8
what methods can be used,8
how does the effectiveness of,7
what are the effects of,7
what evaluation metrics should be,7
what is the correlation between,7
can the proposed method for,7
how can the quality of,7